Currency,Model,MAE,RMSE,R2
USD,Linear Regression,0.0032550892488314395,0.004496934509068039,0.9706851306828882
USD,SVR,0.03018361174345821,0.03639142557450133,-0.9197866809213655
USD,MLP,0.006177377877626738,0.007312267238269548,0.9224897840462652
EUR,Linear Regression,0.0040944731867159695,0.005304474357135524,0.9906352506740792
EUR,SVR,0.03108246957915725,0.047060055410261814,0.2629171327841361
EUR,MLP,0.013393513064978699,0.015973664496255664,0.9150779312865387
CNY,Linear Regression,0.0004349295014498024,0.0006144935713789275,0.9495593298107381
CNY,SVR,0.0006369923127605096,0.0008469675018560717,0.904174817686091
CNY,MLP,0.0005421566969717885,0.0007441616691899325,0.9260257188983368
